{
  "data_summary": {
    "n_samples": 1000,
    "n_features": 500,
    "populations": [
      "AFR",
      "EAS",
      "AMR",
      "SAS",
      "EUR"
    ],
    "batches": [
      "BATCH_4",
      "BATCH_3",
      "BATCH_2",
      "BATCH_1"
    ],
    "tissues": [
      "Blood",
      "Muscle",
      "Kidney",
      "Brain",
      "Liver"
    ],
    "studies": [
      "STUDY_C",
      "STUDY_A",
      "STUDY_B"
    ]
  },
  "heterogeneity_analysis": {
    "baseline": {
      "mse": 1.1610668291392505,
      "rmse": 1.077528110602805,
      "mae": 0.8736563789184831,
      "r2": 0.5710997833011129
    },
    "population_stratification": {
      "trained_on_het": {
        "mse": 1.2235177753194884,
        "rmse": 1.106127377529138,
        "mae": 0.8899374292566246,
        "r2": 0.5480302892138419
      },
      "baseline_on_het": {
        "mse": 1.1778355985021478,
        "rmse": 1.085281345321179,
        "mae": 0.8687968502092142,
        "r2": 0.5649053691356061
      },
      "performance_drop": {
        "mse": 0.016768769362897284,
        "rmse": 0.007753234718373969,
        "mae": -0.004859528709268979,
        "r2": -0.006194414165506812
      },
      "adaptation_gain": {
        "mse": 0.04568217681734055,
        "rmse": 0.02084603220795911,
        "mae": 0.0211405790474104,
        "r2": -0.01687507992176418
      }
    },
    "batch_effects": {
      "trained_on_het": {
        "mse": 1.2376242739133303,
        "rmse": 1.112485628632267,
        "mae": 0.8786681695853957,
        "r2": 0.5428193227544464
      },
      "baseline_on_het": {
        "mse": 1.2160751664431921,
        "rmse": 1.102757981808879,
        "mae": 0.8942953901153069,
        "r2": 0.5507796025864536
      },
      "performance_drop": {
        "mse": 0.05500833730394161,
        "rmse": 0.025229871206074117,
        "mae": 0.020639011196823764,
        "r2": -0.02032018071465924
      },
      "adaptation_gain": {
        "mse": 0.021549107470138162,
        "rmse": 0.009727646823388003,
        "mae": -0.015627220529911168,
        "r2": -0.0079602798320072
      }
    },
    "tissue_specific": {
      "trained_on_het": {
        "mse": 1.2881908805278033,
        "rmse": 1.134984969295983,
        "mae": 0.9050283685129464,
        "r2": 0.5241399255049761
      },
      "baseline_on_het": {
        "mse": 1.21392977007524,
        "rmse": 1.1017848111474582,
        "mae": 0.8820228080458702,
        "r2": 0.5515721159405746
      },
      "performance_drop": {
        "mse": 0.05286294093598953,
        "rmse": 0.02425670054465323,
        "mae": 0.008366429127387054,
        "r2": -0.019527667360538237
      },
      "adaptation_gain": {
        "mse": 0.07426111045256323,
        "rmse": 0.03320015814852484,
        "mae": 0.023005560467076247,
        "r2": -0.027432190435598525
      }
    },
    "allelic_heterogeneity": {
      "trained_on_het": {
        "mse": 2.7937283672579043,
        "rmse": 1.671444993787682,
        "mae": 1.3892046575151569,
        "r2": -0.03200838405059225
      },
      "baseline_on_het": {
        "mse": 1.9770597723160546,
        "rmse": 1.406079575385424,
        "mae": 1.1463434309180465,
        "r2": 0.2696704931260169
      },
      "performance_drop": {
        "mse": 0.815992943176804,
        "rmse": 0.3285514647826191,
        "mae": 0.27268705199956333,
        "r2": -0.301429290175096
      },
      "adaptation_gain": {
        "mse": 0.8166685949418497,
        "rmse": 0.265365418402258,
        "mae": 0.2428612265971104,
        "r2": -0.30167887717660913
      }
    },
    "tumor_heterogeneity": {
      "trained_on_het": {
        "mse": 1.1672300983812196,
        "rmse": 1.0803842364553546,
        "mae": 0.8623474677239904,
        "r2": 0.5688230603364117
      },
      "baseline_on_het": {
        "mse": 1.1670992170626784,
        "rmse": 1.080323663104108,
        "mae": 0.877331406342202,
        "r2": 0.5688714081355869
      },
      "performance_drop": {
        "mse": 0.006032387923427862,
        "rmse": 0.0027955525013030336,
        "mae": 0.003675027423718835,
        "r2": -0.0022283751655259865
      },
      "adaptation_gain": {
        "mse": 0.00013088131854122054,
        "rmse": 6.0573351246651086e-05,
        "mae": -0.014983938618211567,
        "r2": -4.834779917517462e-05
      }
    },
    "cohort_heterogeneity": {
      "trained_on_het": {
        "mse": 1.2301346794084436,
        "rmse": 1.1091143671454462,
        "mae": 0.9004898094001037,
        "r2": 0.5455859927044562
      },
      "baseline_on_het": {
        "mse": 1.1739269015683078,
        "rmse": 1.08347907297202,
        "mae": 0.877247489799505,
        "r2": 0.5663492489535982
      },
      "performance_drop": {
        "mse": 0.01286007242905729,
        "rmse": 0.005950962369215107,
        "mae": 0.0035911108810218195,
        "r2": -0.004750534347514712
      },
      "adaptation_gain": {
        "mse": 0.05620777784013575,
        "rmse": 0.025635294173426137,
        "mae": 0.02324231960059875,
        "r2": -0.020763256249141993
      }
    }
  },
  "federated_analysis": {
    "iid": {
      "avg_metrics": {
        "mse": 2.733267688327946,
        "mse_std": 0.4172393990145821,
        "rmse": 1.6481840014877296,
        "rmse_std": 0.12944954834931363,
        "mae": 1.320770818585085,
        "mae_std": 0.09927794811937256,
        "r2": -0.04757429021698545,
        "r2_std": 0.1478078510643825
      },
      "n_clients": 5,
      "client_performances": [
        {
          "mse": 3.0117212084172222,
          "rmse": 1.7354311304160768,
          "mae": 1.4072181510858164,
          "r2": 0.08113359143921306
        },
        {
          "mse": 2.0657403844015656,
          "rmse": 1.4372683759136864,
          "mae": 1.1702553296659284,
          "r2": 0.047360949585710355
        },
        {
          "mse": 2.945317801854281,
          "rmse": 1.7161928218747102,
          "mae": 1.370952668787377,
          "r2": 0.07663473004984589
        },
        {
          "mse": 2.443176449313799,
          "rmse": 1.5630663611356361,
          "mae": 1.2367802915382995,
          "r2": -0.2836652573529812
        },
        {
          "mse": 3.20038259765286,
          "rmse": 1.7889613180985384,
          "mae": 1.4186476518480042,
          "r2": -0.15933546480671534
        }
      ]
    },
    "population": {
      "avg_metrics": {
        "mse": 2.9075164429665,
        "mse_std": 0.31655200801448535,
        "rmse": 1.7024305752992746,
        "rmse_std": 0.09615913504540777,
        "mae": 1.3452580282722906,
        "mae_std": 0.06886645373319043,
        "r2": -0.01658592836214363,
        "r2_std": 0.02105204837247792
      },
      "n_clients": 5,
      "client_performances": [
        {
          "mse": 2.3066990443015967,
          "rmse": 1.5187820924351185,
          "mae": 1.2327446649599616,
          "r2": 0.011184338883151623
        },
        {
          "mse": 2.9337038879022415,
          "rmse": 1.712805852366882,
          "mae": 1.3376785167067182,
          "r2": -0.03309358248211347
        },
        {
          "mse": 2.9593171114463295,
          "rmse": 1.7202665815059972,
          "mae": 1.3733996948730454,
          "r2": 0.000897568674305349
        },
        {
          "mse": 3.1689368807481917,
          "rmse": 1.780150802810872,
          "mae": 1.4458997580218027,
          "r2": -0.04601572981510804
        },
        {
          "mse": 3.168925290434143,
          "rmse": 1.7801475473775041,
          "mae": 1.3365675067999254,
          "r2": -0.015902237070953618
        }
      ]
    },
    "batch": {
      "avg_metrics": {
        "mse": 2.900255346003723,
        "mse_std": 0.5161767706911929,
        "rmse": 1.6964462568246719,
        "rmse_std": 0.14941701278396258,
        "mae": 1.369443325874455,
        "mae_std": 0.1092099591960716,
        "r2": -0.012002190938034507,
        "r2_std": 0.04641947026680474
      },