{
  "data_summary": {
    "n_samples": 1000,
    "n_features": 500,
    "populations": [
      "AFR",
      "EAS",
      "AMR",
      "SAS",
      "EUR"
    ],
    "batches": [
      "BATCH_4",
      "BATCH_3",
      "BATCH_2",
      "BATCH_1"
    ],
    "tissues": [
      "Blood",
      "Muscle",
      "Kidney",
      "Brain",
      "Liver"
    ],
    "studies": [
      "STUDY_C",
      "STUDY_A",
      "STUDY_B"
    ]
  },
  "heterogeneity_analysis": {
    "baseline": {
      "mse": 1.153200556342599,
      "rmse": 1.0738717597285996,
      "mae": 0.8708598542721703,
      "r2": 0.5740055989031292
    },
    "population_stratification": {
      "trained_on_het": {
        "mse": 1.2559060579837213,
        "rmse": 1.1206721456267759,
        "mae": 0.9014062302631668,
        "r2": 0.5360659981803166
      },
      "baseline_on_het": {
        "mse": 1.180305319533184,
        "rmse": 1.0864185747368202,
        "mae": 0.8702967022848586,
        "r2": 0.5639930496559576
      },
      "performance_drop": {
        "mse": 0.02710476319058497,
        "rmse": 0.012546815008220635,
        "mae": -0.0005631519873117163,
        "r2": -0.010012549247171543
      },
      "adaptation_gain": {
        "mse": 0.07560073845053727,
        "rmse": 0.03425357088995562,
        "mae": 0.031109527978308238,
        "r2": -0.027927051475641007
      }
    },
    "batch_effects": {
      "trained_on_het": {
        "mse": 1.2533267106750288,
        "rmse": 1.1195207504441482,
        "mae": 0.8807265040190316,
        "r2": 0.5370188138080441
      },
      "baseline_on_het": {
        "mse": 1.208338539213735,
        "rmse": 1.099244531127508,
        "mae": 0.8975003462033189,
        "r2": 0.5536375268781093
      },
      "performance_drop": {
        "mse": 0.055137982871135804,
        "rmse": 0.025372771398908478,
        "mae": 0.02664049193114859,
        "r2": -0.02036807202501989
      },
      "adaptation_gain": {
        "mse": 0.04498817146129386,
        "rmse": 0.020276219316640143,
        "mae": -0.016773842184287235,
        "r2": -0.01661871307006524
      }
    },
    "tissue_specific": {
      "trained_on_het": {
        "mse": 1.2850562227541829,
        "rmse": 1.1336032033979893,
        "mae": 0.9145278700127852,
        "r2": 0.525297873837183
      },
      "baseline_on_het": {
        "mse": 1.2229094257088073,
        "rmse": 1.1058523525809434,
        "mae": 0.8923882843532011,
        "r2": 0.5482550146760645
      },
      "performance_drop": {
        "mse": 0.06970886936620824,
        "rmse": 0.03198059285234378,
        "mae": 0.02152843008103078,
        "r2": -0.025750584227064666
      },
      "adaptation_gain": {
        "mse": 0.06214679704537551,
        "rmse": 0.02775085081704587,
        "mae": 0.022139585659584182,
        "r2": -0.022957140838881562
      }
    },
    "allelic_heterogeneity": {
      "trained_on_het": {
        "mse": 2.8167647010148347,
        "rmse": 1.6783219896714798,
        "mae": 1.3899556842556375,
        "r2": -0.04051804800130587
      },
      "baseline_on_het": {
        "mse": 1.9548348000154232,
        "rmse": 1.3981540687690406,
        "mae": 1.143635304996583,
        "r2": 0.2778804386663042
      },
      "performance_drop": {
        "mse": 0.8016342436728241,
        "rmse": 0.324282309040441,
        "mae": 0.2727754507244128,
        "r2": -0.296125160236825
      },
      "adaptation_gain": {
        "mse": 0.8619299009994115,
        "rmse": 0.28016792090243925,
        "mae": 0.24632037925905448,
        "r2": -0.31839848666761006
      }
    },
    "tumor_heterogeneity": {
      "trained_on_het": {
        "mse": 1.1175877394308378,
        "rmse": 1.0571602241055222,
        "mae": 0.8524432236593502,
        "r2": 0.5871610388032042
      },
      "baseline_on_het": {
        "mse": 1.1591046169769013,
        "rmse": 1.0766172100504903,
        "mae": 0.8761485382762598,
        "r2": 0.5718246280736268
      },
      "performance_drop": {
        "mse": 0.005904060634302155,
        "rmse": 0.0027454503218906634,
        "mae": 0.00528868400408955,
        "r2": -0.0021809708295024155
      },
      "adaptation_gain": {
        "mse": -0.04151687754606348,
        "rmse": -0.01945698594496803,
        "mae": -0.023705314616909612,
        "r2": 0.015336410729577477
      }
    },
    "cohort_heterogeneity": {
      "trained_on_het": {
        "mse": 1.2393085788192346,
        "rmse": 1.113242372001369,
        "mae": 0.8961762031016346,
        "r2": 0.542197137432293
      },
      "baseline_on_het": {
        "mse": 1.1845939257128504,
        "rmse": 1.0883905207749884,
        "mae": 0.8905317162355137,
        "r2": 0.5624088306656014
      },
      "performance_drop": {
        "mse": 0.03139336937025128,
        "rmse": 0.014518761046388828,
        "mae": 0.019671861963343473,
        "r2": -0.011596768237527755
      },
      "adaptation_gain": {
        "mse": 0.05471465310638424,
        "rmse": 0.024851851226380672,
        "mae": 0.005644486866120846,
        "r2": -0.020211693233308403
      }
    }
  },
  "federated_analysis": {
    "iid": {
      "avg_metrics": {
        "mse": 2.7311294656784826,
        "mse_std": 0.419520403671005,
        "rmse": 1.6474684504906392,
        "rmse_std": 0.13029647085188073,
        "mae": 1.3198204460058878,
        "mae_std": 0.10057185701950057,
        "r2": -0.04659488075984373,
        "r2_std": 0.14793931079500072
      },
      "n_clients": 5,
      "client_performances": [
        {
          "mse": 3.0127260311890605,
          "rmse": 1.7357206086202528,
          "mae": 1.4074400303694035,
          "r2": 0.08082702325852653
        },
        {
          "mse": 2.05746196297359,
          "rmse": 1.434385569842917,
          "mae": 1.1659172402892402,
          "r2": 0.05117863528698463
        },
        {
          "mse": 2.945634495970678,
          "rmse": 1.7162850858673444,
          "mae": 1.3709889252372949,
          "r2": 0.07653544556920522
        },
        {
          "mse": 2.442364354702129,
          "rmse": 1.5628065634307173,
          "mae": 1.236610024910034,
          "r2": -0.28323857607951974
        },
        {
          "mse": 3.197460483556957,
          "rmse": 1.7881444246919647,
          "mae": 1.4181460092234666,
          "r2": -0.15827693183441527
        }
      ]
    },
    "population": {
      "avg_metrics": {
        "mse": 2.9073881452947896,
        "mse_std": 0.31643074887598605,
        "rmse": 1.7023944608745034,
        "rmse_std": 0.09613139382427871,
        "mae": 1.3452638866202242,
        "mae_std": 0.06881912220383117,
        "r2": -0.016542718951937197,
        "r2_std": 0.020972328503218254
      },
      "n_clients": 5,
      "client_performances": [
        {
          "mse": 2.3065068570738205,
          "rmse": 1.518718820938827,
          "mae": 1.2327317839377285,
          "r2": 0.011266724030516762
        },
        {
          "mse": 2.934249480845725,
          "rmse": 1.7129651137269915,
          "mae": 1.3378361501305231,
          "r2": -0.033285711132481355
        },
        {
          "mse": 2.9596153565879724,
          "rmse": 1.7203532650557478,
          "mae": 1.3735045917378457,
          "r2": 0.0007968773881316116
        },
        {
          "mse": 3.167681932724067,
          "rmse": 1.779798284279448,
          "mae": 1.4457035567054213,
          "r2": -0.04560149140559311
        },
        {
          "mse": 3.1688870992423626,
          "rmse": 1.7801368203715024,
          "mae": 1.336543350589602,
          "r2": -0.015889993640259892
        }
      ]
    },
    "batch": {
      "avg_metrics": {
        "mse": 2.8997343370097726,
        "mse_std": 0.5161375891765784,
        "rmse": 1.6962915946631454,
        "rmse_std": 0.14942945788878179,
        "mae": 1.3692990524529598,
        "mae_std": 0.10926820599812635,
        "r2": -0.011807224207218497,
        "r2_std": 0.0462662687236191
      },